{
  "prepare_queue": {
    "installed": [],
    "uninstalled": []
  },
  "config_munge": {
    "files": {
      "res/xml/config.xml": {
        "parents": {
          "/*": [
            {
              "xml": "<feature name=\"Notification\"><param name=\"android-package\" value=\"org.apache.cordova.dialogs.Notification\" /></feature>",
              "count": 1
            },
            {
              "xml": "<feature name=\"InAppBrowser\"><param name=\"android-package\" value=\"org.apache.cordova.inappbrowser.InAppBrowser\" /></feature>",
              "count": 1
            },
            {
              "xml": "<feature name=\"BarcodeScanner\"><param name=\"android-package\" value=\"com.phonegap.plugins.barcodescanner.BarcodeScanner\" /></feature>",
              "count": 1
            },
            {
              "xml": "<feature name=\"Whitelist\"><param name=\"android-package\" value=\"org.apache.cordova.whitelist.WhitelistPlugin\" /><param name=\"onload\" value=\"true\" /></feature>",
              "count": 1
            },
            {
              "xml": "<feature name=\"Camera\"><param name=\"android-package\" value=\"org.apache.cordova.camera.CameraLauncher\" /></feature>",
              "count": 1
            }
          ]
        }
      },
      "AndroidManifest.xml": {
        "parents": {
          "/manifest/application": [
            {
              "xml": "<activity android:clearTaskOnLaunch=\"true\" android:configChanges=\"orientation|keyboardHidden|screenSize\" android:exported=\"false\" android:name=\"com.google.zxing.client.android.CaptureActivity\" android:theme=\"@android:style/Theme.NoTitleBar.Fullscreen\" android:windowSoftInputMode=\"stateAlwaysHidden\" />",
              "count": 1
            },
            {
              "xml": "<activity android:label=\"Share\" android:name=\"com.google.zxing.client.android.encode.EncodeActivity\" />",
              "count": 1
            }
          ],
          "/manifest": [
            {
              "xml": "<uses-permission android:name=\"android.permission.CAMERA\" />",
              "count": 1
            },
            {
              "xml": "<uses-permission android:name=\"android.permission.FLASHLIGHT\" />",
              "count": 1
            },
            {
              "xml": "<uses-feature android:name=\"android.hardware.camera\" android:required=\"true\" />",
              "count": 1
            }
          ],
          "/*": [
            {
              "xml": "<uses-permission android:name=\"android.permission.WRITE_EXTERNAL_STORAGE\" />",
              "count": 1
            }
          ],
          "application": [
            {
              "xml": "<provider android:authorities=\"${applicationId}.provider\" android:exported=\"false\" android:grantUriPermissions=\"true\" android:name=\"android.support.v4.content.FileProvider\"><meta-data android:name=\"android.support.FILE_PROVIDER_PATHS\" android:resource=\"@xml/provider_paths\" /></provider>",
              "count": 1
            }
          ]
        }
      }
    }
  },
  "installed_plugins": {
    "org.apache.cordova.dialogs": {
      "PACKAGE_NAME": "io.cordova.hellocordova"
    },
    "org.apache.cordova.inappbrowser": {
      "PACKAGE_NAME": "io.cordova.hellocordova"
    },
    "phonegap-plugin-barcodescanner": {
      "ANDROID_SUPPORT_V4_VERSION": "27.+",
      "PACKAGE_NAME": "io.cordova.hellocordova"
    },
    "cordova-plugin-whitelist": {
      "PACKAGE_NAME": "io.cordova.hellocordova"
    },
    "cordova-plugin-camera": {
      "PACKAGE_NAME": "io.cordova.hellocordova"
    }
  },
  "dependent_plugins": {},
  "modules": [
    {
      "id": "org.apache.cordova.dialogs.notification",
      "file": "plugins/org.apache.cordova.dialogs/www/notification.js",
      "pluginId": "org.apache.cordova.dialogs",
      "merges": [
        "navigator.notification"
      ]
    },
    {
      "id": "org.apache.cordova.dialogs.notification_android",
      "file": "plugins/org.apache.cordova.dialogs/www/android/notification.js",
      "pluginId": "org.apache.cordova.dialogs",
      "merges": [
        "navigator.notification"
      ]
    },
    {
      "id": "org.apache.cordova.inappbrowser.inappbrowser",
      "file": "plugins/org.apache.cordova.inappbrowser/www/inappbrowser.js",
      "pluginId": "org.apache.cordova.inappbrowser",
      "clobbers": [
        "window.open"
      ]
    },
    {
      "id": "phonegap-plugin-barcodescanner.BarcodeScanner",
      "file": "plugins/phonegap-plugin-barcodescanner/www/barcodescanner.js",
      "pluginId": "phonegap-plugin-barcodescanner",
      "clobbers": [
        "cordova.plugins.barcodeScanner"
      ]
    },
    {
      "id": "cordova-plugin-camera.Camera",
      "file": "plugins/cordova-plugin-camera/www/CameraConstants.js",
      "pluginId": "cordova-plugin-camera",
      "clobbers": [
        "Camera"
      ]
    },
    {
      "id": "cordova-plugin-camera.CameraPopoverOptions",
      "file": "plugins/cordova-plugin-camera/www/CameraPopoverOptions.js",
      "pluginId": "cordova-plugin-camera",
      "clobbers": [
        "CameraPopoverOptions"
      ]
    },
    {
      "id": "cordova-plugin-camera.camera",
      "file": "plugins/cordova-plugin-camera/www/Camera.js",
      "pluginId": "cordova-plugin-camera",
      "clobbers": [
        "navigator.camera"
      ]
    },
    {
      "id": "cordova-plugin-camera.CameraPopoverHandle",
      "file": "plugins/cordova-plugin-camera/www/CameraPopoverHandle.js",
      "pluginId": "cordova-plugin-camera",
      "clobbers": [
        "CameraPopoverHandle"
      ]
    }
  ],
  "plugin_metadata": {
    "org.apache.cordova.dialogs": "0.3.0",
    "org.apache.cordova.inappbrowser": "0.6.0",
    "phonegap-plugin-barcodescanner": "7.0.3",
    "cordova-plugin-whitelist": "1.3.3",
    "cordova-plugin-camera": "4.0.2"
  }
}